{
  "uuid": "a676f538-1425-382a-a1b8-72f5bf00b0f0",
  "starterPrompted": true,
  "starterLocked": false,
  "starterSelected": true,
  "starterUUID": "0722a468-6b0e-4ed9-8a8c-245565bd5686",
  "keyItems": [],
  "battleTheme": "cobblemon:battle.pvp.default",
  "extraData": {
    "koStreak": {
      "name": "koStreak",
      "species": "kadabra",
      "count": 1
    },
    "koCount": {
      "name": "koCount",
      "defeats": {
        "hoothoot": 1,
        "gimmighoul": 1,
        "kadabra": 1
      }
    },
    "captureStreak": {
      "name": "captureStreak",
      "species": "spinda",
      "count": 1
    },
    "captureCount": {
      "name": "captureCount",
      "defeats": {
        "spinda": 1
      }
    },
    "cobblenavPlayerStatsData": {
      "name": "cobblenavPlayerStatsData",
      "totalPvpCount": 0,
      "startDate": 1717629492100,
      "gymBadges": [],
      "pokemonUsage": {
        "7a24cb87-6060-48fc-aee3-814bfa18d004": 4,
        "0722a468-6b0e-4ed9-8a8c-245565bd5686": 5
      }
    },
    "cobblenavContactData": {
      "name": "cobblenavContactData",
      "contacts": [],
      "title": ""
    }
  },
  "advancementData": {
    "totalCaptureCount": 1,
    "totalEggsHatched": 0,
    "totalEvolvedCount": 0,
    "totalBattleVictoryCount": 4,
    "totalPvPBattleVictoryCount": 0,
    "totalPvWBattleVictoryCount": 4,
    "totalPvNBattleVictoryCount": 0,
    "totalShinyCaptureCount": 0,
    "totalTradedCount": 0,
    "totalTypeCaptureCounts": {
      "normal": 1
    },
    "totalDefeatedCounts": {
      "cobblemon:hoothoot": 1,
      "cobblemon:gimmighoul": 1,
      "cobblemon:kadabra": 1
    },
    "aspectsCollected": {}
  }
}