{"stats":{"minecraft:crafted":{"minecraft:cooked_beef":3,"minecraft:crafting_table":1,"minecraft:furnace":1,"minecraft:copper_ingot":2,"minecraft:birch_planks":20,"cobblemon:premier_ball":4,"minecraft:air":0,"minecraft:stick":4,"minecraft:iron_pickaxe":1},"minecraft:killed":{"cobblemon:pokemon":1,"minecraft:spider":1,"minecraft:sheep":1,"minecraft:zombie":2,"minecraft:cow":1},"minecraft:custom":{"minecraft:interact_with_furnace":6,"minecraft:mob_kills":6,"minecraft:interact_with_crafting_table":5,"minecraft:leave_game":5,"minecraft:time_since_death":177,"minecraft:sleep_in_bed":4,"minecraft:climb_one_cm":552,"minecraft:time_since_rest":217,"minecraft:sprint_one_cm":210751,"minecraft:damage_taken":2631,"minecraft:walk_one_cm":140708,"minecraft:drop":7,"minecraft:damage_dealt":1038,"minecraft:swim_one_cm":50350,"minecraft:fly_one_cm":250824,"minecraft:crouch_one_cm":1200,"minecraft:play_time":60613,"minecraft:deaths":9,"minecraft:sneak_time":509,"minecraft:walk_under_water_one_cm":10726,"minecraft:jump":1473,"minecraft:walk_on_water_one_cm":45100,"minecraft:total_world_time":60613,"minecraft:fall_one_cm":34693},"minecraft:killed_by":{"minecraft:player":1,"minecraft:skeleton":3,"minecraft:creeper":3,"minecraft:witch":1,"minecraft:enderman":1},"minecraft:dropped":{"minecraft:wheat_seeds":2,"minecraft:dark_oak_sapling":1,"minecraft:rotten_flesh":2,"minecraft:red_mushroom":1,"minecraft:cornflower":1},"minecraft:picked_up":{"minecraft:birch_log":5,"minecraft:coarse_dirt":7,"minecraft:crafting_table":4,"minecraft:chicken":2,"minecraft:black_bed":2,"minecraft:leather":1,"cobblemon:red_apricorn":2,"minecraft:red_mushroom":1,"minecraft:flint":1,"minecraft:lapis_lazuli":9,"minecraft:string":1,"minecraft:cornflower":1,"minecraft:dirt":2,"minecraft:raw_copper":2,"cobblemon:white_apricorn":4,"minecraft:bone":1,"minecraft:cracked_stone_bricks":1,"minecraft:wheat_seeds":5,"cobblemon:green_apricorn":2,"cobblemon:white_apricorn_seed":1,"minecraft:iron_ingot":5,"minecraft:beef":3,"cobblemon:wacan_berry":1,"minecraft:egg":1,"minecraft:furnace":2,"minecraft:dark_oak_sapling":3,"cobblemon:pc":1,"minecraft:sweet_berries":31,"cobblemon:shiny_stone":1,"minecraft:gravel":1,"cobblemon:premier_ball":1,"cobblemon:healing_machine":2,"minecraft:arrow":2,"minecraft:rotten_flesh":2,"minecraft:mutton":1,"minecraft:coal":3,"minecraft:white_wool":1,"minecraft:cobblestone":43},"minecraft:used":{"minecraft:mutton":1,"minecraft:crafting_table":4,"minecraft:black_bed":3,"cobblemon:healing_machine":2,"minecraft:chicken":2,"minecraft:iron_pickaxe":90,"cobblemon:pc":1,"minecraft:cobblestone":6,"minecraft:sweet_berries":9,"minecraft:furnace":2,"minecraft:egg":1,"minecraft:cooked_beef":3,"minecraft:dark_oak_sapling":1},"minecraft:mined":{"cobblemon:healing_machine":2,"cobblemon:shiny_stone_ore":1,"cobblemon:pc":1,"minecraft:crafting_table":4,"minecraft:cornflower":1,"minecraft:copper_ore":1,"minecraft:lapis_ore":1,"minecraft:red_mushroom":1,"minecraft:kelp":2,"minecraft:large_fern":10,"minecraft:furnace":2,"minecraft:birch_log":5,"minecraft:nether_sprouts":1,"minecraft:sweet_berry_bush":12,"minecraft:black_bed":2,"minecraft:grass":33,"minecraft:coal_ore":2,"minecraft:dark_oak_sapling":1,"minecraft:gravel":2,"minecraft:cracked_stone_bricks":1,"minecraft:stone":48,"minecraft:fern":11}},"DataVersion":3465}