{"stats":{"minecraft:custom":{"minecraft:time_since_rest":1090,"minecraft:interact_with_furnace":4,"minecraft:sprint_one_cm":163107,"minecraft:damage_taken":1549,"minecraft:walk_one_cm":53269,"minecraft:mob_kills":1,"minecraft:drop":5,"minecraft:damage_dealt":652,"minecraft:swim_one_cm":9085,"minecraft:interact_with_crafting_table":6,"minecraft:fly_one_cm":388861,"minecraft:player_kills":1,"minecraft:open_chest":4,"minecraft:crouch_one_cm":809,"minecraft:play_time":41222,"minecraft:deaths":4,"minecraft:sneak_time":315,"minecraft:walk_under_water_one_cm":1096,"minecraft:boat_one_cm":51243,"minecraft:jump":1676,"minecraft:leave_game":7,"minecraft:walk_on_water_one_cm":8104,"minecraft:time_since_death":17628,"minecraft:sleep_in_bed":3,"minecraft:total_world_time":41222,"minecraft:climb_one_cm":626,"minecraft:fall_one_cm":54854},"minecraft:killed_by":{"minecraft:player":2,"minecraft:skeleton":1},"minecraft:mined":{"minecraft:hay_block":39,"minecraft:purple_bed":2,"minecraft:furnace":1,"minecraft:iron_ore":4,"minecraft:sweet_berry_bush":5,"minecraft:spruce_log":5,"minecraft:stripped_spruce_log":2,"minecraft:crafting_table":2,"minecraft:grass":4,"minecraft:grass_block":1,"minecraft:oak_log":2,"minecraft:decorated_pot":3,"minecraft:copper_ore":4,"minecraft:cobblestone":14,"minecraft:stone":9,"minecraft:fern":1},"minecraft:killed":{"minecraft:skeleton":1,"minecraft:player":1},"minecraft:crafted":{"minecraft:oak_planks":8,"minecraft:crafting_table":1,"minecraft:spruce_planks":28,"minecraft:stick":8,"minecraft:wooden_pickaxe":1,"minecraft:iron_ingot":4,"minecraft:stone_pickaxe":1,"minecraft:stone_sword":1,"minecraft:furnace":1,"minecraft:spruce_boat":1,"minecraft:stone_axe":1,"minecraft:bread":117,"minecraft:air":0,"minecraft:wheat":351},"minecraft:dropped":{"minecraft:wheat_seeds":2,"minecraft:birch_sapling":3,"minecraft:pumpkin_seeds":3},"minecraft:picked_up":{"minecraft:crafting_table":2,"minecraft:raw_iron":4,"minecraft:sweet_berries":14,"minecraft:oak_log":2,"minecraft:stripped_spruce_log":2,"minecraft:spruce_log":5,"minecraft:raw_copper":16,"minecraft:bone":1,"minecraft:purple_bed":2,"minecraft:decorated_pot":3,"minecraft:spruce_boat":2,"cobblemon:black_apricorn":2,"minecraft:wheat_seeds":3,"minecraft:hay_block":39,"cobblemon:blue_apricorn":1,"minecraft:birch_sapling":3,"minecraft:cobblestone":23,"minecraft:furnace":1},"minecraft:used":{"minecraft:spruce_boat":2,"minecraft:stone_sword":4,"minecraft:apple":10,"minecraft:bread":9,"minecraft:stone_pickaxe":18,"minecraft:decorated_pot":1,"minecraft:wooden_pickaxe":15,"minecraft:stone_axe":7,"minecraft:crafting_table":2,"minecraft:sweet_berries":14,"minecraft:purple_bed":1,"minecraft:furnace":1,"minecraft:black_bed":1,"minecraft:experience_bottle":1}},"DataVersion":3465}