{"stats":{"minecraft:killed":{"minecraft:spider":2,"cobblemon:pokemon":4,"minecraft:creeper":1,"minecraft:zombie":2,"minecraft:player":4},"minecraft:mined":{"create:zinc_ore":15,"minecraft:yellow_terracotta":1,"minecraft:large_amethyst_bud":1,"create:deepslate_zinc_ore":1,"minecraft:cherry_log":29,"cobblemon:dawn_stone_ore":1,"minecraft:dark_oak_log":7,"minecraft:acacia_log":1,"minecraft:grass_block":8,"minecraft:spruce_leaves":3,"minecraft:red_mushroom":2,"minecraft:kelp":1,"minecraft:large_fern":14,"minecraft:tall_seagrass":1,"minecraft:raw_iron_block":22,"minecraft:andesite":4,"create:asurine":93,"minecraft:stone":46,"minecraft:flowering_azalea":1,"minecraft:cyan_terracotta":220,"minecraft:blackstone":1,"minecraft:crafting_table":2,"minecraft:clay":10,"minecraft:light_gray_terracotta":13,"minecraft:calcite":145,"minecraft:tall_grass":11,"minecraft:sugar_cane":4,"minecraft:wall_torch":1,"minecraft:birch_log":3,"minecraft:sweet_berry_bush":3,"minecraft:yellow_bed":1,"minecraft:grass":27,"minecraft:coal_ore":58,"minecraft:cherry_leaves":2,"minecraft:smooth_basalt":1,"minecraft:deepslate":4,"minecraft:fern":2},"minecraft:used":{"minecraft:iron_shovel":10,"minecraft:spruce_slab":32,"minecraft:oak_sign":4,"minecraft:spruce_planks":1,"minecraft:chest":22,"cobblemon:display_case":5,"minecraft:quartz_stairs":88,"minecraft:spruce_stairs":168,"handcrafted:spruce_side_table":3,"minecraft:raw_iron_block":22,"minecraft:spruce_fence":15,"betternether:flaming_ruby_sword":4,"minecraft:glass":41,"minecraft:wooden_axe":1,"minecraft:flowering_azalea":1,"minecraft:cyan_terracotta":164,"automobility:dash_panel":4,"betterend:flavolite_lantern":8,"minecraft:iron_axe":58,"minecraft:lantern":18,"minecraft:grass_block":80,"cobblemon:gimmighoul_chest":2,"minecraft:smooth_basalt":1,"minecraft:item_frame":12,"cobblemon:pc":16,"minecraft:sweet_berries":11,"minecraft:furnace":3,"handcrafted:dark_oak_table":12,"minecraft:calcite":308,"minecraft:cooked_mutton":25,"minecraft:spruce_door":5,"minecraft:stone_pickaxe":130,"cobblemon:monitor":10,"minecraft:oak_planks":151,"cobblemon:black_gilded_chest":2,"betterend:helix_tree_fence":17,"minecraft:wooden_pickaxe":9,"minecraft:stonecutter":2,"minecraft:crafting_table":4,"minecraft:light_gray_terracotta":1,"minecraft:campfire":2,"cobblemon:restoration_tank":2,"minecraft:black_bed":3,"cobblemon:healing_machine":8,"betterend:end_lotus_chest":1,"minecraft:oak_log":33,"cobblemon:apricorn_leaves":7,"minecraft:flower_pot":2,"cobblemon:white_gilded_chest":6,"betterend:andesite_pedestal":5,"minecraft:dark_oak_log":77,"betterend:diorite_pedestal":2,"minecraft:iron_pickaxe":499,"minecraft:spruce_trapdoor":4,"handcrafted:dark_oak_bench":7,"minecraft:stone_axe":21,"betterend:helix_tree_stairs":27,"betterend:quartz_pedestal":2,"cobblemon:fossil_analyzer":3,"minecraft:white_stained_glass":2,"minecraft:glass_pane":5},"minecraft:broken":{"minecraft:iron_pickaxe":1},"minecraft:custom":{"minecraft:mob_kills":9,"minecraft:interact_with_crafting_table":11,"minecraft:time_since_death":166654,"minecraft:leave_game":8,"minecraft:climb_one_cm":3041,"minecraft:sprint_one_cm":452243,"minecraft:walk_one_cm":278100,"minecraft:drop":27,"minecraft:play_time":198702,"minecraft:deaths":1,"minecraft:sneak_time":6024,"minecraft:walk_under_water_one_cm":4494,"minecraft:jump":3348,"minecraft:walk_on_water_one_cm":10094,"minecraft:total_world_time":198702,"minecraft:interact_with_furnace":9,"minecraft:pot_flower":2,"minecraft:interact_with_stonecutter":1,"minecraft:sleep_in_bed":8,"minecraft:time_since_rest":47005,"minecraft:damage_taken":1461,"minecraft:damage_dealt":2554,"minecraft:swim_one_cm":60029,"minecraft:fly_one_cm":1573939,"minecraft:player_kills":4,"minecraft:open_chest":63,"minecraft:crouch_one_cm":27337,"minecraft:fall_one_cm":114330},"minecraft:picked_up":{"minecraft:crafting_table":2,"minecraft:chicken":2,"minecraft:clay_ball":40,"minecraft:string":1,"minecraft:item_frame":1,"minecraft:blackstone":1,"minecraft:oak_sign":2,"minecraft:cobbled_deepslate":4,"cobblemon:oran_berry":6,"cobblemon:relic_coin":66,"minecraft:calcite":134,"minecraft:sugar_cane":7,"minecraft:stick":2,"minecraft:torch":2,"minecraft:cherry_log":23,"cobblemon:dawn_stone":1,"minecraft:rotten_flesh":4,"create:asurine":92,"minecraft:cyan_terracotta":220,"minecraft:cobblestone":45,"minecraft:birch_log":4,"minecraft:feather":2,"minecraft:andesite":3,"minecraft:red_mushroom":2,"cobblemon:razz_berry":7,"create:raw_zinc":25,"minecraft:yellow_bed":1,"minecraft:gunpowder":1,"minecraft:dirt":8,"minecraft:kelp":1,"minecraft:wheat_seeds":6,"minecraft:iron_ingot":64,"minecraft:flowering_azalea":1,"minecraft:smooth_basalt":1,"minecraft:sweet_berries":11,"minecraft:raw_iron_block":22,"betterend:flavolite_lantern":1,"minecraft:dark_oak_log":7,"minecraft:spider_eye":2,"minecraft:light_gray_terracotta":13,"cobblemon:poke_ball":1,"minecraft:coal":169,"minecraft:ender_pearl":2},"minecraft:killed_by":{"minecraft:player":1},"minecraft:crafted":{"minecraft:raw_iron":198,"minecraft:furnace":2,"minecraft:iron_axe":1,"minecraft:stone_pickaxe":1,"minecraft:crafting_table":1,"minecraft:wooden_pickaxe":1,"minecraft:birch_planks":16,"minecraft:stone_axe":1,"minecraft:air":0,"minecraft:stick":12,"minecraft:iron_pickaxe":1,"minecraft:iron_ingot":16,"minecraft:wooden_axe":1,"minecraft:iron_shovel":1},"minecraft:dropped":{"minecraft:wheat_seeds":6,"minecraft:red_mushroom":2,"minecraft:stick":2,"minecraft:dirt":5,"minecraft:torch":2,"minecraft:wooden_axe":1,"minecraft:stone_axe":1,"minecraft:kelp":1,"minecraft:cobbled_deepslate":4,"minecraft:light_gray_terracotta":12,"minecraft:rotten_flesh":4,"minecraft:gunpowder":1,"cobblemon:healing_machine":1,"minecraft:andesite":1,"cobblemon:pc":1,"minecraft:spider_eye":2,"minecraft:spruce_slab":1,"minecraft:stone_pickaxe":1,"minecraft:wooden_pickaxe":1}},"DataVersion":3465}