{
  "uuid": "37c5e672-bacd-31fa-8ede-1a385d2bf4ea",
  "starterPrompted": true,
  "starterLocked": false,
  "starterSelected": true,
  "starterUUID": "220db143-3787-433a-be22-b1184e1f4a51",
  "keyItems": [],
  "battleTheme": "cobblemon:battle.pvp.default",
  "extraData": {
    "koStreak": {
      "name": "koStreak",
      "species": "phantump",
      "count": 1
    },
    "koCount": {
      "name": "koCount",
      "defeats": {
        "fletchling": 1,
        "phantump": 1
      }
    },
    "captureStreak": {
      "name": "captureStreak",
      "species": "impidimp",
      "count": 1
    },
    "captureCount": {
      "name": "captureCount",
      "defeats": {
        "impidimp": 1
      }
    },
    "cobblenavPlayerStatsData": {
      "name": "cobblenavPlayerStatsData",
      "totalPvpCount": 0,
      "startDate": 1717630943304,
      "gymBadges": [],
      "pokemonUsage": {
        "fdf2b0a1-6649-472c-96be-a1a3db248d19": 1,
        "220db143-3787-433a-be22-b1184e1f4a51": 6
      }
    }
  },
  "advancementData": {
    "totalCaptureCount": 1,
    "totalEggsHatched": 0,
    "totalEvolvedCount": 0,
    "totalBattleVictoryCount": 2,
    "totalPvPBattleVictoryCount": 0,
    "totalPvWBattleVictoryCount": 2,
    "totalPvNBattleVictoryCount": 0,
    "totalShinyCaptureCount": 0,
    "totalTradedCount": 0,
    "totalTypeCaptureCounts": {
      "dark": 1,
      "fairy": 1
    },
    "totalDefeatedCounts": {
      "cobblemon:fletchling": 1,
      "cobblemon:phantump": 1
    },
    "aspectsCollected": {}
  }
}